<?xml version="1.0" encoding="UTF-8"?>
<beans xmlns="http://www.springframework.org/schema/beans"
	xmlns:context="http://www.springframework.org/schema/context"
	xmlns:xsi="http://www.w3.org/2001/XMLSchema-instance"
	xsi:schemaLocation="http://www.springframework.org/schema/beans http://www.springframework.org/schema/beans/spring-beans.xsd
			http://www.springframework.org/schema/context http://www.springframework.org/schema/context/spring-context.xsd">

	<context:component-scan
		base-package="com.example.annotation" />

	<bean id="mysqlDAO" class="com.example.annotation.AccountDAO">
		<property name="database">
			<value>MYSQL</value>
		</property>
	</bean>

	<bean id="oracleDAO" class="com.example.annotation.AccountDAO">
		<property name="database">
			<value>ORACLE</value>
		</property>
	</bean>

</beans>