<?xml version="1.0" encoding="UTF-8"?>
<beans xmlns="http://www.springframework.org/schema/beans"
	xmlns:xsi="http://www.w3.org/2001/XMLSchema-instance"
	xsi:schemaLocation="http://www.springframework.org/schema/beans http://www.springframework.org/schema/beans/spring-beans.xsd">

	<bean id="accountService" class="com.example.di.AccountService">
		<constructor-arg>
			<ref bean="accountDAO" />
		</constructor-arg>
		<property name="accountNo">
			<value>1001</value>
		</property>
		<property name="emails">
			<list>
				<value>a@a.com</value>
				<value>b@b.com</value>
				<value>c@c.com</value>
			</list>
		</property>
	</bean>
	
	<bean id="accountDAO" class="com.example.di.AccountDAO" />
		
</beans>